region_id	region_name	region_name_in_data	region_ent_type	total	electricity-from_national_grid_or_from_rural_hydro_power_project	kerosene_lamp	solar_power_grid_connected	solar_power_standalone	bio_gas	rural_water_supply_project	other
LK	Sri Lanka	Sri Lanka	country	6111315	5987585	95150	8093	5817	244	1230	13196
LK-1	Western	(computed)	province	1703420	1682433	10565	5206	1514	121	288	3293
LK-11	Colombo	Colombo District	district	661822	653295	3366	2900	831	58	192	1180
LK-1103	Colombo	Colombo	dsd	72479	71320	764	62	4	3	29	297
LK-1106	Kolonnawa	Kolonnawa	dsd	56756	55864	428	127	82	5	3	247
LK-1109	Kaduwela	Kaduwela	dsd	80373	79401	194	522	155	3	12	86
LK-1112	Homagama	Homagama	dsd	80298	79855	220	111	52	6	3	51
LK-1115	Seethawaka	Seethawaka	dsd	34798	34331	354	24	17	2	3	67
LK-1118	Padukka	Padukka	dsd	20880	20606	191	26	25	1	4	27
LK-1121	Maharagama	Maharagama	dsd	57114	56267	111	530	111	3	8	84
LK-1124	Sri Jayawardanapura Kotte	Sri Jayawardanapura Kotte	dsd	28243	27604	98	384	93	3	14	47
LK-1127	Thimbirigasyaya	Thimbirigasyaya	dsd	58681	57847	364	282	42	6	81	59
LK-1130	Dehiwala	Dehiwala	dsd	25565	25370	51	96	9	13	7	19
LK-1131	Ratmalana	Ratmalana	dsd	25358	25037	156	99	24	0	12	30
LK-1133	Moratuwa	Moratuwa	dsd	44872	44317	212	179	59	3	14	88
LK-1136	Kesbewa	Kesbewa	dsd	76405	75476	223	458	158	10	2	78
LK-12	Gampaha	Gampaha District	district	688635	680337	4340	1724	479	50	70	1635
LK-1203	Negombo	Negombo	dsd	36300	35895	161	147	39	1	5	52
LK-1206	Katana	Katana	dsd	75514	74585	411	218	30	0	8	262
LK-1209	Divulapitiya	Divulapitiya	dsd	45072	44485	444	24	20	0	3	96
LK-1212	Mirigama	Mirigama	dsd	49823	49124	554	36	19	0	8	82
LK-1215	Minuwangoda	Minuwangoda	dsd	56770	56198	340	96	28	2	4	102
LK-1218	Wattala	Wattala	dsd	49300	48712	317	119	45	4	2	101
LK-1221	Ja Ela	- - Ja-Ela	dsd	57689	56833	326	157	50	1	12	310
LK-1224	Gampaha	Gampaha	dsd	57859	57149	239	339	59	1	4	68
LK-1227	Attanagalla	Attanagalla	dsd	54449	53955	345	59	26	0	3	61
LK-1230	Dompe	Dompe	dsd	47551	46921	447	20	17	1	4	141
LK-1233	Mahara	Mahara	dsd	61767	60808	363	251	59	40	3	243
LK-1236	Kelaniya	Kelaniya	dsd	37231	36844	173	132	31	0	6	45
LK-1239	Biyagama	Biyagama	dsd	59310	58828	220	126	56	0	8	72
LK-13	Kalutara	Kalutara District	district	352963	348801	2859	582	204	13	26	478
LK-1303	Panadura	Panadura	dsd	49763	49237	159	201	49	2	3	112
LK-1306	Bandaragama	Bandaragama	dsd	33568	33226	138	119	33	3	2	47
LK-1309	Horana	Horana	dsd	37801	37447	214	51	13	2	2	72
LK-1310	Ingiriya	Ingiriya	dsd	16490	16249	189	11	7	1	3	30
LK-1312	Bulathsinhala	Bulathsinhala	dsd	18737	18345	350	4	9	1	4	24
LK-1315	Madurawala	Madurawala	dsd	10428	10257	150	7	3	0	1	10
LK-1318	Millaniya	Millaniya	dsd	15781	15594	165	0	1	1	1	19
LK-1321	Kalutara	Kalutara	dsd	44332	43951	182	114	42	0	3	40
LK-1324	Beruwala	Beruwala	dsd	42471	42072	306	38	16	1	4	34
LK-1327	Dodangoda	Dodangoda	dsd	18667	18382	251	12	4	0	1	17
LK-1330	Matugama	Mathugama	dsd	23503	23266	203	12	3	1	0	18
LK-1333	Agalawatta	Agalawatta	dsd	10502	10410	77	5	3	0	0	7
LK-1336	Palindanuwara	Palindanuwara	dsd	14996	14669	276	3	12	0	1	35
LK-1339	Walallawita	Walallavita	dsd	15924	15696	199	5	9	1	1	13
LK-2	Central	(computed)	province	749019	736755	9880	360	495	27	127	1375
LK-21	Kandy	Kandy District	district	397626	392207	4108	243	235	11	40	782
LK-2103	Tumpane	Thumpane	dsd	10897	10738	131	1	4	0	0	23
LK-2106	Poojapitiya	Pujapitiya	dsd	15815	15609	180	3	1	0	0	22
LK-2109	Akurana	Akurana	dsd	16371	16152	171	9	3	1	1	34
LK-2112	Pathadumbara	Pathadumbara	dsd	25750	25437	235	10	4	0	3	61
LK-2115	Panvila	Panvila	dsd	7442	7238	178	0	4	0	2	20
LK-2118	Ududumbara	Udadumbara	dsd	6902	6771	91	4	22	0	1	13
LK-2121	Minipe	Minipe	dsd	16159	15766	283	28	52	0	0	30
LK-2124	Medadumbara	Medadumbara	dsd	18449	18160	238	3	11	0	0	37
LK-2127	Kundasale	Kundasale	dsd	40127	39562	385	38	18	1	7	116
LK-2130	Gangawata Korale	Kandy Four Gravets Gangawata Korale	dsd	40324	39982	171	58	30	1	3	79
LK-2133	Harispattuwa	Harispattuwa	dsd	26172	25838	240	21	10	0	5	58
LK-2134	Hatharaliyadda	Hatharaliyadda	dsd	8717	8572	130	1	7	0	0	7
LK-2136	Yatinuwara	Yatinuwara	dsd	31087	30765	221	23	14	1	5	58
LK-2139	Udunuwara	Udunuwara	dsd	31878	31588	224	8	9	2	3	44
LK-2142	Doluwa	Doluwa	dsd	14659	14396	212	6	9	0	1	35
LK-2145	Pathahewaheta	Pathahewaheta	dsd	16971	16698	202	6	8	0	1	56
LK-2148	Deltota	Delthota	dsd	8968	8807	130	5	7	1	0	18
LK-2151	Udapalatha	Udapalatha	dsd	27629	27198	362	12	11	2	6	38
LK-2154	Ganga Ihala Korale	Ganga Ihala Korale	dsd	15675	15470	176	4	3	2	1	19
LK-2157	Pasbagekorale	Pasbage Korale	dsd	17634	17460	148	3	8	0	1	14
LK-22	Matale	Matale District	district	151132	148488	2248	61	126	1	15	193
LK-2203	Galewela	Galewela	dsd	22577	22176	363	9	7	0	0	22
LK-2206	Dambulla	Dambulla	dsd	23187	22720	392	10	27	0	3	35
LK-2209	Naula	Naula	dsd	8979	8811	146	2	9	0	3	8
LK-2212	Pallepola	Pallepola	dsd	9201	9048	130	6	8	0	0	9
LK-2215	Yatawatta	Yatawatta	dsd	9050	8963	69	1	4	0	0	13
LK-2218	Matale	Matale	dsd	22229	21968	172	23	20	1	4	41
LK-2221	Ambanganga	Ambanganga Korale	dsd	4732	4597	114	2	14	0	0	5
LK-2224	Laggala	- - Laggala-Pallegama	dsd	5093	4915	144	4	17	0	1	12
LK-2227	Wilgamuwa	Wilgamuwa	dsd	10043	9755	283	0	4	0	0	1
LK-2230	Rattota	Rattota	dsd	15994	15723	242	2	9	0	2	16
LK-2233	Ukuwela	Ukuwela	dsd	20047	19812	193	2	7	0	2	31
LK-23	Nuwara Eliya	Nuwara Eliya District	district	200261	196060	3524	56	134	15	72	400
LK-2303	Kothmale East	Kothmale East	dsd	17473	17125	309	6	14	0	2	17
LK-2304	Kothmale West	Kothmale West	dsd	11632	11443	168	0	2	0	1	18
LK-2306	Hanguranketa	Hanguranketha	dsd	16950	16609	270	0	24	0	3	44
LK-2307	Mathurata	Mathurata	dsd	9768	9531	196	2	17	0	3	19
LK-2309	Walapane	Walapane	dsd	18241	17788	373	4	24	0	2	50
LK-2310	Nildandahinna	Nildandahinna	dsd	12587	12253	298	6	16	0	1	13
LK-2312	Nuwara Eliya	Nuwara Eliya	dsd	23014	22632	318	14	17	0	8	25
LK-2313	Thalawakele	Thalawakele	dsd	33685	32926	617	6	10	7	26	93
LK-2315	Ambagamuwa Korale	Ambagamuwa	dsd	12791	12615	151	1	3	0	1	20
LK-2316	Norwood	Norwood	dsd	44120	43138	824	17	7	8	25	101
LK-3	Southern	(computed)	province	728288	717303	7272	705	496	11	76	2425
LK-31	Galle	Galle District	district	307704	304034	2387	359	205	5	29	685
LK-3103	Bentota	Benthota	dsd	13749	13599	108	6	3	0	2	31
LK-3106	Balapitiya	Balapitiya	dsd	18886	18638	146	7	7	0	0	88
LK-3109	Karandeniya	Karandeniya	dsd	19870	19606	202	2	7	0	1	52
LK-3112	Elpitiya	Elpitiya	dsd	19392	19039	289	13	9	0	4	38
LK-3115	Niyagama	Niyagama	dsd	10359	10253	87	0	4	1	1	13
LK-3118	Thawalama	Thawalama	dsd	9514	9389	87	0	10	1	1	26
LK-3121	Neluwa	Neluwa	dsd	8454	8373	51	1	13	0	0	16
LK-3124	Nagoda	Nagoda	dsd	15521	15340	160	4	1	0	1	15
LK-3127	Baddegama	Baddegama	dsd	14330	14076	147	52	8	1	4	42
LK-3128	Wanduramba	Wanduramba	dsd	7997	7912	64	1	2	0	2	16
LK-3130	Welivitiya-Divitura	-- Welivitiya-Divithura	dsd	8632	8569	46	2	0	0	0	15
LK-3133	Ambalangoda	Ambalangoda	dsd	16924	16668	98	48	28	0	0	82
LK-3134	Gonapinuwala	Gonapeenuwala	dsd	6833	6766	40	5	8	0	1	13
LK-3136	Hikkaduwa	Hikkaduwa	dsd	7543	7488	13	13	11	0	1	17
LK-3137	Rathgama	Rathgama	dsd	10829	10733	69	5	6	0	1	15
LK-3138	Madampagama	Madampagama	dsd	9205	9095	63	9	4	0	0	34
LK-3139	Galle 4 Gravets	Galle Four Gravets	dsd	26475	26251	75	84	34	1	0	30
LK-3142	Bope-Poddala	--Bope-Poddala	dsd	15528	15346	77	74	16	0	2	13
LK-3145	Akmeemana	Akmeemana	dsd	23603	23356	150	16	20	1	3	57
LK-3148	Yakkalamulla	Yakkalamulla	dsd	13407	13241	138	4	5	0	0	19
LK-3151	Imaduwa	Imaduwa	dsd	13390	13232	125	6	4	0	2	21
LK-3154	Habaraduwa	Habaraduwa	dsd	17263	17064	152	7	5	0	3	32
LK-32	Matara	Matara District	district	231946	229169	1828	269	118	4	19	539
LK-3203	Pitabaddara	Pitabeddara	dsd	14652	14360	230	5	11	0	1	45
LK-3206	Kotapola	Kotapola	dsd	17933	17654	206	7	14	0	1	51
LK-3209	Pasgoda	Pasgoda	dsd	18253	17854	324	4	11	0	1	59
LK-3212	Mulatiyana	Mulatiyana	dsd	14615	14481	105	3	2	1	1	22
LK-3215	Athuraliya	Athuraliya	dsd	9066	8971	71	1	3	1	1	18
LK-3218	Akuressa	Akuressa	dsd	15137	14947	145	4	7	0	1	33
LK-3221	Welipitiya	Welipitiya	dsd	14990	14822	107	3	8	0	0	50
LK-3224	Malimbada	Malimbada	dsd	10272	10130	86	19	8	0	0	29
LK-3227	Kaburupitiya	Kamburupitiya	dsd	11943	11845	62	12	3	0	1	20
LK-3230	Hakmana	Hakmana	dsd	9173	9090	70	2	0	0	0	11
LK-3233	Kirinda Puhulwella	Kirinda Puhulwella	dsd	5814	5761	46	5	0	0	0	2
LK-3236	Thihagoda	Thihagoda	dsd	9757	9653	38	37	3	0	1	25
LK-3239	Weligama	Weligam	dsd	19525	19352	117	10	6	1	2	37
LK-3242	Matara Four Gravets	Matara Four Gravets	dsd	32283	31973	82	147	29	1	6	45
LK-3245	Devinuwara	Devinuwara	dsd	13351	13249	60	7	7	0	1	27
LK-3248	Dikwella	Dickwella	dsd	15182	15027	79	3	6	0	2	65
LK-33	Hambantota	Hambantota District	district	188638	184100	3057	77	173	2	28	1201
LK-3303	Sooriyawewa	Sooriyawewa	dsd	14431	13979	306	3	11	0	3	129
LK-3306	Lunugamwehera	Lunugamwehera	dsd	10415	10073	205	4	12	1	0	120
LK-3309	Thissamaharama	Thissamaharama	dsd	21026	20505	292	6	41	0	6	176
LK-3312	Hambantota	Hambantota	dsd	18308	17740	301	9	53	0	4	201
LK-3315	Ambalantota	Ambalantota	dsd	22415	21921	309	18	13	1	4	149
LK-3318	Angunakolapelessa	Angunakolapelessa	dsd	15432	15083	271	4	7	0	2	65
LK-3321	Weeraketiya	Weeraketiya	dsd	13671	13381	233	4	1	0	0	52
LK-3324	Katuwana	Katuwana	dsd	15160	14693	352	2	9	0	3	101
LK-3325	Walasmulla	Walasmulla	dsd	13475	13200	235	0	4	0	1	35
LK-3327	Okewela	Okewela	dsd	5687	5594	79	1	2	0	0	11
LK-3330	Beliatta	Beliatta	dsd	16586	16335	182	10	6	0	4	49
LK-3333	Tangalle	Tangalle	dsd	22032	21596	292	16	14	0	1	113
LK-4	Northern	(computed)	province	312002	301963	8902	284	294	12	156	391
LK-41	Jaffna	Jaffna District	district	159753	155817	3466	183	75	3	89	120
LK-4103	Islands North (Kayts)	Island North Kayts	dsd	2646	2560	82	1	3	0	0	0
LK-4104	Karainagar	Karainagar	dsd	2641	2583	57	0	1	0	0	0
LK-4106	Valikamam West (Chankanai)	Valikamam West Chankanai	dsd	11670	11271	383	12	0	0	2	2
LK-4109	Valikamam South West (Sandilipay)	Valikamam South-West Sandilipay	dsd	14196	13834	334	7	7	0	2	12
LK-4112	Valikamam North (Thllippalai)	Valikamam North	dsd	12093	11771	300	7	6	1	0	8
LK-4115	Valikamam South (Uduvil)	Valikamam South Uduvil	dsd	13268	13033	192	28	4	0	3	8
LK-4118	Valikamam East (Kopay)	Valikamam East Kopay	dsd	19812	19270	483	24	4	0	6	25
LK-4121	Vadamaradchchi South-West (Karaveddy)	Vadamaradchy South-West Karaveddy	dsd	11394	11047	284	34	5	1	5	18
LK-4124	Vadamaradchchi East	Vadamaradchy East	dsd	4037	3803	170	4	3	0	51	6
LK-4127	Vadamaradchi North (Point Pedro)	Vadamaradchy North Point Perdro	dsd	12358	12102	225	12	7	0	4	8
LK-4130	Thenmaradchi (Chavakachcheri)	Thenmaradchy Chavakachcheri	dsd	19096	18661	392	9	18	1	1	14
LK-4133	Nallur	Nallur	dsd	19063	18836	170	36	10	0	10	1
LK-4136	Jaffna	Jaffna	dsd	12148	11979	144	7	4	0	5	9
LK-4139	Islands South (Velanai)	Island South Velanai	dsd	4434	4198	223	2	3	0	0	8
LK-4142	Delft	Delft	dsd	897	869	27	0	0	0	0	1
LK-42	Mannar	Mannar District	district	32330	31276	940	19	11	5	17	62
LK-4203	Mannar Town	Mannar Town	dsd	14696	14337	307	9	2	3	10	28
LK-4206	Manthai West	Manthai West	dsd	5109	4853	221	6	2	0	2	25
LK-4209	Madhu	Madhu	dsd	2723	2590	128	0	4	1	0	0
LK-4212	Nanaddan	Nanattan	dsd	5394	5212	163	3	2	1	5	8
LK-4215	Musali	Musali	dsd	4408	4284	121	1	1	0	0	1
LK-43	Vavuniya	Vavuniya District	district	48399	46966	1292	13	44	3	14	67
LK-4303	Vavuniya North	Vavuniya North	dsd	4318	4068	231	0	13	1	0	5
LK-4306	Vavuniya South	Vavuniya South	dsd	4597	4512	77	1	4	0	1	2
LK-4309	Vavuniya	Vavuniya	dsd	32363	31538	734	11	21	2	13	44
LK-4312	Vengalacheddikulam	Vengalacheddikulam	dsd	7121	6848	250	1	6	0	0	16
LK-44	Mullaitivu	Mullaitivu District	district	34786	33100	1422	46	113	1	10	94
LK-4403	Thunukkai	Thunukkai	dsd	2860	2766	79	4	9	0	0	2
LK-4406	Manthai East	Manthai East	dsd	2182	2091	71	3	15	0	1	1
LK-4409	Puthukkudiyiruppu	Puthukudiyiruppu	dsd	10940	10353	482	13	14	0	3	75
LK-4412	Oddusuddan	Oddusudan	dsd	5098	4788	253	7	36	1	3	10
LK-4415	Maritimepattu	Maritimepattu	dsd	10478	9984	439	16	31	0	3	5
LK-4418	Welioya	Welioya	dsd	3228	3118	98	3	8	0	0	1
LK-45	Kilinochchi	Kilinochchi District	district	36734	34804	1782	23	51	0	26	48
LK-4503	Pachchilaipalli	Pachchilaipalli	dsd	3872	3620	237	6	6	0	0	3
LK-4506	Kandavalai	Kandavalai	dsd	6929	6455	452	5	7	0	0	10
LK-4509	Karachchi	Karachchi	dsd	19564	18849	639	5	26	0	24	21
LK-4512	Poonakary	Poonakary	dsd	6369	5880	454	7	12	0	2	14
LK-5	Eastern	(computed)	province	499217	479020	18042	393	213	17	102	1430
LK-51	Batticaloa	Batticaloa District	district	170262	160839	8900	139	58	5	42	279
LK-5103	Koralai Pattu North	Koralai Pattu North Vaharai	dsd	7882	6565	1292	5	6	1	1	12
LK-5104	Koralai Pattu Central	Koralai Pattu Central	dsd	8590	8437	120	0	2	0	7	24
LK-5106	Koralai Pattu West	Koralai Pattu West Oddamavadi	dsd	7223	7101	91	0	1	0	0	30
LK-5109	Koralai Pattu	Koralai Pattu Valachchenai	dsd	8379	7770	592	1	4	1	1	10
LK-5110	Koralai Pattu South	Koralai Pattu South Kiran	dsd	8608	7309	1276	2	8	0	1	12
LK-5115	Eravur Pattu	Eravur Pattu	dsd	25780	23693	2036	6	10	0	6	29
LK-5118	Manmunai North	Manmunai North	dsd	26693	26109	493	58	7	0	10	16
LK-5121	Manmunai West	Manmunai West	dsd	9722	8683	1021	1	3	2	4	8
LK-5124	Kattankudy	Kattankudy	dsd	13189	12971	116	47	3	1	5	46
LK-5127	Manmunai Pattu	Manmunai Pattu Araipattai	dsd	10433	10147	251	8	10	0	3	14
LK-5130	Manmunai South West	Manmunai South-West	dsd	7767	7258	483	2	1	0	2	21
LK-5133	Porativu Pattu	Poratheevu Pattu	dsd	11467	10772	649	0	1	0	1	44
LK-5136	Manmunai South & Eruvil Pattu	Manmunai South Eruvil Pattu	dsd	17315	16912	390	4	1	0	0	8
LK-5139	Eravur Town	Eravur Town	dsd	7214	7112	90	5	1	0	1	5
LK-52	Ampara	Ampara District	district	207007	200445	5539	194	124	5	36	664
LK-5203	Dehiattakandiya	Dehiattakandiya	dsd	18627	18267	304	6	8	0	0	42
LK-5206	Padiyathalawa	Padiyathalawa	dsd	6269	5821	411	2	11	0	2	22
LK-5209	Mahaoya	Mahaoya	dsd	6978	6462	468	6	9	0	0	33
LK-5212	Uhana	Uhana	dsd	17399	16927	364	7	25	0	0	76
LK-5215	Ampara	Ampara	dsd	13241	13006	201	6	6	0	1	21
LK-5216	Navithanveli	Navithanveli	dsd	6394	6093	294	0	1	0	0	6
LK-5218	Sammanthurai	Samanthurai	dsd	19719	19213	246	11	5	1	4	239
LK-5221	Kalmunai	Kalmunai	dsd	14065	13869	126	53	1	0	6	10
LK-5225	Sainthamaruthu	Sainthamarathu	dsd	8920	8827	69	11	2	0	4	7
LK-5227	Karaitivu	Karaitheevu	dsd	5347	5227	117	3	0	0	0	0
LK-5230	Nintavur	Ninthavur	dsd	8884	8658	141	55	0	0	0	30
LK-5233	Addalaichenai	Addalachchenai	dsd	13503	13099	342	8	10	2	2	40
LK-5234	Irakkamam	Irakkamam	dsd	4674	4494	149	3	26	0	1	1
LK-5236	Akkaraipattu	Akkaraipattu	dsd	12300	12086	192	4	0	1	2	15
LK-5239	Alayadivembu	Alayadiwembu	dsd	7104	6713	383	0	1	0	2	5
LK-5242	Damana	Damana	dsd	11501	11187	231	3	5	0	1	74
LK-5245	Tirukkovil	Thirukkovil	dsd	8369	7844	518	5	1	0	0	1
LK-5248	Pottuvil	Pothuvil	dsd	11850	11184	617	2	9	0	3	35
LK-5251	Lahugala	Lahugala	dsd	2903	2784	108	1	3	0	6	1
LK-52XX	Kalmunai Tamil Division	Kalmunai North Sub	dsd	8960	8684	258	8	1	1	2	6
LK-53	Trincomalee	Trincomalee District	district	121948	117736	3603	60	31	7	24	487
LK-5303	Padavi Sri Pura	Padavisiripura	dsd	3439	3382	54	0	2	0	0	1
LK-5306	Kuchchaweli	Kuchchaveli	dsd	11313	10974	309	4	0	0	2	24
LK-5309	Gomarankadawala	Gomarankadawala	dsd	2467	2371	94	1	1	0	0	0
LK-5312	Morawewa	Morawewa	dsd	2752	2672	74	1	1	0	0	4
LK-5315	Town & Gravets	Trincomalee Town and Gravets	dsd	27668	27165	429	11	8	0	7	48
LK-5318	Thambalagamuwa	Thambalagamuwa	dsd	9505	9151	301	4	3	0	2	44
LK-5321	Kantale	Kanthale	dsd	14499	14138	266	4	3	1	0	87
LK-5324	Kinniya	Kinniya	dsd	22139	21202	764	20	3	1	8	141
LK-5327	Muthur	Muttur	dsd	19502	18578	845	9	5	4	2	59
LK-5330	Seruvila	Seruvila	dsd	4704	4528	147	2	3	1	0	23
LK-5333	Verugal	Verugal Eachchilampattu	dsd	3960	3575	320	4	2	0	3	56
LK-6	North Western	(computed)	province	745193	729060	13132	553	1252	28	164	1004
LK-61	Kurunegala	Kurunegala District	district	511166	501299	8332	313	509	4	37	672
LK-6103	Giribawa	Giribawa	dsd	10522	10205	271	11	22	0	1	12
LK-6106	Galgamuwa	Galgamuwa	dsd	18036	17623	379	7	13	0	4	10
LK-6109	Ehetuwewa	Ehetuwewa	dsd	8250	8037	182	1	15	0	0	15
LK-6112	Ambanpola	Ambanpola	dsd	7875	7699	158	3	11	0	1	3
LK-6115	Kotawehera	Kotavehera	dsd	7015	6840	148	0	18	0	1	8
LK-6118	Rasnayakapura	Rasnayakapura	dsd	7288	7085	177	5	11	0	0	10
LK-6121	Nikaweratiya	Nikaweratiya	dsd	12902	12585	271	6	18	0	1	21
LK-6124	Maho	Maho	dsd	19116	18651	399	14	30	0	1	21
LK-6127	Polpitigama	Polpithigama	dsd	25632	24948	602	9	33	0	1	39
LK-6130	Ibbagamuwa	Ibbagamuwa	dsd	26951	26473	394	9	29	0	3	43
LK-6133	Ganewatta	Ganewatta	dsd	13001	12701	248	14	29	0	1	8
LK-6136	Wariyapola	Wariyapola	dsd	19732	19382	300	4	20	1	1	24
LK-6139	Kobeigane	Kobeigane	dsd	11781	11536	226	3	10	0	0	6
LK-6142	Bingiriya	Bingiriya	dsd	19719	19300	371	3	15	0	3	27
LK-6145	Panduwasnuwara West	Panduwasnuwara West	dsd	20301	19960	301	7	11	0	1	21
LK-6148	Panduwasnuwara East	Panduwasnuwara East	dsd	9431	9245	153	3	6	0	0	24
LK-6149	Bamunakotuwa	Bamunakotuwa	dsd	11706	11431	238	5	13	0	0	19
LK-6151	Maspotha	Maspotha	dsd	12160	11917	160	48	17	0	0	18
LK-6154	Kurunegala	Kurunegala	dsd	24041	23671	242	52	36	0	5	35
LK-6157	Mallawapitiya	Mallawapitiya	dsd	16688	16348	268	17	24	2	0	29
LK-6160	Mawathagama	Mawathagama	dsd	19952	19652	235	5	15	0	1	44
LK-6163	Rideegama	Rideegama	dsd	27230	26788	387	12	14	0	2	27
LK-6166	Weerabugedara	Weerambugedara	dsd	10844	10715	108	5	9	0	1	6
LK-6169	Kuliyapitiya East	Kuliyapitiya East	dsd	16540	16258	254	3	4	1	1	19
LK-6172	Kuliyapitiya West	Kuliyapitiya West	dsd	24195	23799	310	25	21	0	2	38
LK-6175	Udubaddawa	Udubaddawa	dsd	15885	15685	159	9	8	0	0	24
LK-6178	Pannala	Pannala	dsd	39034	38461	491	19	23	0	3	37
LK-6181	Narammala	Narammala	dsd	17076	16748	273	9	9	0	2	35
LK-6184	Alawwa	Alawwa	dsd	19107	18647	411	5	14	0	0	30
LK-6187	Polgahawela	Polgahawela	dsd	19156	18909	216	0	11	0	1	19
LK-62	Puttalam	Puttalam District	district	234027	227761	4800	240	743	24	127	332
LK-6203	Kalpitiya	Kalpitiya	dsd	24668	23121	1054	27	312	12	105	37
LK-6206	Vanathavilluwa	Vanathawilluwa	dsd	5910	5504	345	8	43	3	3	4
LK-6209	Karuwalagaswewa	Karuwalagaswewa	dsd	8024	7718	265	10	19	0	1	11
LK-6212	Nawagattegama	Nawagattegama	dsd	5301	5082	187	6	13	0	0	13
LK-6215	Puttalam	Puttalam	dsd	24122	23537	471	9	31	1	1	72
LK-6218	Mundel	Mundel	dsd	19115	18521	536	9	12	0	5	32
LK-6221	Mahakumbukkadawala	Mahakumbukkadawala	dsd	6644	6283	289	4	60	1	0	7
LK-6224	Anamaduwa	Anamaduwa	dsd	12975	12587	333	9	34	1	0	11
LK-6227	Pallama	Pallama	dsd	8296	8027	233	1	9	1	1	24
LK-6230	Arachchikattuwa	Arachchikattuwa	dsd	12708	12497	178	4	12	2	2	13
LK-6233	Chilaw	Chilaw	dsd	18730	18498	189	10	4	1	1	27
LK-6236	Madampe	Madampe	dsd	14719	14567	130	10	4	0	2	6
LK-6239	Mahawewa	Mahawewa	dsd	14718	14559	106	38	10	0	2	3
LK-6242	Nattandiya	Nattandiya	dsd	19335	18837	259	33	171	1	4	30
LK-6245	Wennappuwa	Wennappuwa	dsd	19939	19759	92	56	7	1	0	24
LK-6248	Dankotuwa	Dankotuwa	dsd	18823	18664	133	6	2	0	0	18
LK-7	North Central	(computed)	province	402469	392571	8494	206	440	12	31	715
LK-71	Anuradhapura	Anuradhapura District	district	275084	268242	5908	128	312	8	19	467
LK-7103	Padaviya	Padaviya	dsd	7211	7071	126	2	10	0	0	2
LK-7106	Kebithigollewa	Kebithigollewa	dsd	7702	7511	167	5	6	1	1	11
LK-7109	Medawachchiya	Medawachchiya	dsd	15346	14862	436	1	15	0	1	31
LK-7112	Mahawilachchiya	Mahawilachchiya	dsd	7134	6731	374	6	17	0	0	6
LK-7115	Nuwaragam Palatha Central	Nuwaragam Palatha Central	dsd	20154	19635	442	16	30	1	3	27
LK-7118	Rambewa	Rambewa	dsd	11600	11269	291	4	23	0	1	12
LK-7121	Kahatagasdigiliya	Kahatagasdigiliya	dsd	12872	12480	368	3	11	0	0	10
LK-7124	Horowpathana	Horowpothana	dsd	11339	11007	268	4	28	2	2	28
LK-7127	Galenbidunuwewa	Galenbindunuwewa	dsd	14458	14167	263	6	12	0	0	10
LK-7130	Mihinthale	Mihinthale	dsd	11525	11242	250	5	9	0	0	19
LK-7133	Nuwaragam Palatha East	Nuwaragam Palatha East	dsd	21502	21194	222	30	17	0	4	35
LK-7136	Nachchaduwa	Nachchaduwa	dsd	8275	8036	216	4	5	0	0	14
LK-7139	Nochchiyagama	Nochchiyagama	dsd	16092	15730	296	5	18	1	2	40
LK-7142	Rajanganaya	Rajanganaya	dsd	10734	10502	197	0	16	0	0	19
LK-7145	Thambuththegama	Thambuttegama	dsd	13432	13170	207	2	3	0	1	49
LK-7148	Thalawa	Thalawa	dsd	17953	17580	330	6	14	1	0	22
LK-7151	Thirappane	Thirappane	dsd	9054	8751	253	4	22	0	0	24
LK-7154	Kekirawa	Kekirawa	dsd	18302	17946	302	5	15	0	2	32
LK-7157	Palugaswewa	Palugaswewa	dsd	5239	5054	162	1	9	1	0	12
LK-7160	Ipalogama	Ipalogama	dsd	12501	12205	268	3	7	0	1	17
LK-7163	Galnewa	Galnewa	dsd	11490	11274	175	4	14	1	0	22
LK-7166	Palagala	Palagala	dsd	11169	10825	295	12	11	0	1	25
LK-72	Polonnaruwa	Polonnaruwa District	district	127385	124329	2586	78	128	4	12	248
LK-7203	Higurakgoda	Hingurakgoda	dsd	20319	19913	344	26	11	0	1	24
LK-7206	Medirigiriya	Medirigiriya	dsd	20599	20168	338	6	25	0	1	61
LK-7209	Lankapura	Lankapura	dsd	11449	11179	251	0	2	1	2	14
LK-7210	Welikanda	Welikanda	dsd	11051	10554	461	10	13	1	0	12
LK-7212	Dimbulagala	Dimbulagala	dsd	24354	23680	578	11	46	0	1	38
LK-7215	Thamankaduwa	Thamankaduwa	dsd	25391	24958	306	17	11	2	6	91
LK-7218	Elahera	Elahera	dsd	14222	13877	308	8	20	0	1	8
LK-8	Uva	(computed)	province	400025	389582	8556	183	571	8	93	1032
LK-81	Badulla	Badulla District	district	248262	242999	4499	112	201	4	24	423
LK-8103	Mahiyanganaya	Mahiyanganaya	dsd	25579	24933	571	16	20	0	4	35
LK-8106	Rideemaliyadda	Rideemaliyadda	dsd	17356	16818	480	6	31	3	0	18
LK-8109	Meegahakiula	Meegahakivula	dsd	6583	6393	179	2	3	0	0	6
LK-8112	Kandeketiya	Kandaketiya	dsd	7824	7645	160	1	10	0	0	8
LK-8115	Soranathota	Soranathota	dsd	7195	7032	146	0	1	0	1	15
LK-8118	Passara	Passara	dsd	14227	13936	244	2	3	0	2	40
LK-8119	Lunugala	Lunugala	dsd	9422	9067	312	6	10	0	0	27
LK-8121	Badulla	Badulla	dsd	22160	21925	195	5	4	0	2	29
LK-8124	Hali-Ela	- Hali-Ela	dsd	27397	26830	476	4	16	0	2	69
LK-8127	Uvaparanagama	Uva Paranagama	dsd	23299	22865	361	2	36	0	3	32
LK-8130	Welimada	Welimada	dsd	29620	29051	460	9	31	1	6	62
LK-8133	Bandarawela	Bandarawela	dsd	18639	18479	129	3	5	0	1	22
LK-8136	Ella	Ella	dsd	13704	13448	217	9	5	0	1	24
LK-8139	Haputale	Haputale	dsd	13992	13730	240	4	2	0	2	14
LK-8142	Haldummulla	Haldummulla	dsd	11265	10847	329	43	24	0	0	22
LK-82	Monaragala	Monaragala District	district	151763	146583	4057	71	370	4	69	609
LK-8203	Bibile	Bibile	dsd	13715	13294	384	3	12	0	0	22
LK-8206	Madulla	Madulla	dsd	10326	9992	309	7	6	0	0	12
LK-8209	Medagama	Medagama	dsd	12470	12062	353	4	21	1	0	29
LK-8212	Siyambalanduwa	Siyambalanduwa	dsd	17865	17134	600	10	63	0	0	58
LK-8215	Monaragala	Moneragala	dsd	15981	15543	386	7	23	0	1	21
LK-8218	Badalkumbura	Badalkumbura	dsd	13262	12992	215	2	13	1	1	38
LK-8221	Wellawaya	Wellawaya	dsd	21590	20733	633	9	53	2	2	158
LK-8224	Buttala	Buttala	dsd	17706	17039	431	10	106	0	65	55
LK-8227	Katharagama	Katharagama	dsd	5395	5138	169	2	6	0	0	80
LK-8230	Thanamalwila	Thanamalvila	dsd	9537	9166	275	8	43	0	0	45
LK-8233	Sevanagala	Sevanagala	dsd	13916	13490	302	9	24	0	0	91
LK-9	Sabaragamuwa	(computed)	province	571682	558898	10307	203	542	8	193	1531
LK-91	Ratnapura	Rathnapura District	district	327645	319263	6656	135	368	5	165	1053
LK-9103	Eheliyagoda	Eheliyagoda	dsd	20443	20053	317	10	6	0	2	55
LK-9106	Kuruvita	Kuruvita	dsd	27041	26546	412	6	12	0	0	65
LK-9109	Kiriella	Kiriella	dsd	9658	9461	152	2	16	0	0	27
LK-9112	Ratnapura	Ratnapura	dsd	33423	32707	590	23	22	2	10	69
LK-9115	Imbulpe	Imbulpe	dsd	18690	18286	350	4	28	0	0	22
LK-9118	Balangoda	Balangoda	dsd	21276	20845	346	7	37	0	5	36
LK-9119	Kalthota	Kalthota	dsd	4026	3908	99	4	8	0	0	7
LK-9121	Opanayake	Opanayake	dsd	8139	7949	156	1	9	0	0	24
LK-9124	Pelmadulla	Pelmadulla	dsd	26300	25541	478	8	26	0	128	119
LK-9127	Elapatha	Elapatha	dsd	10904	10543	303	4	15	0	1	38
LK-9130	Ayagama	Ayagama	dsd	8897	8477	364	7	26	0	1	22
LK-9133	Kalawana	Kalawana	dsd	15180	14807	293	6	36	0	1	37
LK-9136	Nivithigala	Nivithigala	dsd	16782	16268	422	5	8	0	2	77
LK-9139	Kahawattha	Kahawatta	dsd	12482	12092	338	2	7	0	0	43
LK-9142	Godakawela	Godakawela	dsd	22908	22240	511	8	30	1	15	103
LK-9145	Weligepola	Weligepola	dsd	10677	10327	263	4	30	1	0	52
LK-9148	Embilipitiya	Embilipitiya	dsd	45965	44692	977	25	36	1	0	234
LK-9151	Kolonna	Kolonna	dsd	14854	14521	285	9	16	0	0	23
LK-92	Kegalle	Kegalle District	district	244037	239635	3651	68	174	3	28	478
LK-9203	Rambukkana	Rambukkana	dsd	24842	24511	263	7	8	0	2	51
LK-9206	Mawanella	Mawanella	dsd	33333	32945	295	17	8	0	2	66
LK-9209	Aranayake	Aranayaka	dsd	20062	19731	271	1	10	0	2	47
LK-9212	Kegalle	Kegalle	dsd	26825	26383	332	16	18	0	1	75
LK-9215	Galigamuwa	Galigamuwa	dsd	21224	20912	270	5	9	0	1	27
LK-9218	Warakapola	Warakapola	dsd	32379	31815	494	5	12	2	5	46
LK-9221	Ruwanwella	Ruwanwella	dsd	18370	17872	367	5	81	1	5	39
LK-9224	Bulathkohipitiya	Bulathkohupitiya	dsd	12978	12673	275	0	3	0	3	24
LK-9227	Yatiyantota	Yatiyanthota	dsd	17541	17108	379	5	8	0	3	38
LK-9230	Dehiowita	Dehiovita	dsd	23403	22941	414	3	5	0	3	37
LK-9233	Deraniyagala	Deraniyagala	dsd	13080	12744	291	4	12	0	1	28
